"","lang","m","pval"
"1","it",0.0243127337327337,0.001
"2","tr",0.0150896131316959,0.01
"3","de",-0.00227219688594603,0.815
"4","es",0.0145408893762372,0.003
"5","fi",0.0288856289299956,0.101
