"","lang","m","pval"
"1","it",0.0304392311620431,0
"2","tr",0.0228020071574033,0
"3","de",-0.0108701956600641,0
"4","es",0.0340384320214906,0
"5","fi",0.0439030818309629,0
