,text_id,sent_id,trigger_idx,trigger,trigger_len,trigger_freq,trigger_surp,target_idx,target,target_len,target_freq,target_surp,ji_surp,j_surp,pmi,e_pmi,e_ppmi,e_npmi,e_pmi_i,e_ppmi_i,e_npmi_i,is_multitok,top_j_preds,top_ji_preds,mask_type
0,10,3,1,laatste,7,5.73,8.106069998065452,0,De,2,7.73,0.0,19.79804039001465,16.317054748535156,3.480985641479492,0.6428357662573724,0.7641160606482822,0.12128029439090983,0.0047623066341504,0.20614033792235342,0.20137803128820306,False,"['-', '[UNK]', 'van', 'in', 'ook']","['oorlog', 'ziekenhuis', '-', '[UNK]', 'koe']",mask
1,10,3,2,is’,3,7.2,26.58588807374752,0,De,2,7.73,0.0,16.317054748535156,3.4096531867980957,12.90740156173706,9.25453037116502,9.468395472413937,0.21386510124891556,-4.286122685734699,0.025378262022724384,4.311500947757422,False,"['Het', 'De', 'Dat', '‘', 'het']","['-', '[UNK]', 'van', 'in', 'ook']",mask
2,10,3,2,is’,3,7.2,26.58588807374752,1,laatste,7,5.73,8.106069998065452,13.142574310302734,9.98688793182373,3.155686378479004,5.126467360109564,5.570356106423236,0.4438887463136708,-3.9001288198534163,0.2747909028588619,4.174919722712278,False,"['waarheid', 'vraag', 'beste', 'tijd', 'oplossing']","['[UNK]', '-', 't', '##Q', 'Q']",mask
