,text_id,sent_id,trigger_idx,trigger,trigger_len,trigger_freq,trigger_surp,target_idx,target,target_len,target_freq,target_surp,ji_surp,j_surp,pmi,e_pmi,e_ppmi,e_npmi,e_pmi_i,e_ppmi_i,e_npmi_i,is_multitok,top_j_preds,top_ji_preds,mask_type
0,5,14.0,1,neave,5,2.15,31.69412712165942,0,why,3,5.93,0.0,16.027366638183594,9.917134284973145,6.110232353210449,5.724624393930269,5.85718077343172,0.13255637950145033,-3.7312403157932277,0.0002546296104694031,3.731494945403698,False,"['joseph', 'thomas', '-', 'marie', 'john']","['.', 'p', 'vol', 'ii', 'trans']",all
1,5,14.0,1,neave,5,2.15,31.69412712165942,0,why,3,5.93,0.0,16.027366638183594,9.917134284973145,6.110232353210449,5.724624393930269,5.85718077343172,0.13255637950145033,-3.7312403157932277,0.0002546296104694031,3.731494945403698,False,"['joseph', 'thomas', '-', 'marie', 'john']","['.', 'p', 'vol', 'ii', 'trans']",all
2,5,14.0,1,neave,5,2.15,31.69412712165942,0,why,3,5.93,0.0,16.027366638183594,9.917134284973145,6.110232353210449,5.724624393930269,5.85718077343172,0.13255637950145033,-3.7312403157932277,0.0002546296104694031,3.731494945403698,False,"['joseph', 'thomas', '-', 'marie', 'john']","['.', 'p', 'vol', 'ii', 'trans']",all
