,text_id,sent_id,trigger_idx,trigger,trigger_len,trigger_freq,trigger_surp,target_idx,target,target_len,target_freq,target_surp,ji_surp,j_surp,pmi,e_pmi,e_ppmi,e_npmi,e_pmi_i,e_ppmi_i,e_npmi_i,is_multitok,top_j_preds,top_ji_preds,mask_type
0,9,94.0,1,illnesses,9,3.67,8.294861388322792,0,alcohol-related,15,4.49,9.218237109069754,16.946931838989258,12.821678161621094,4.125253677368164,8.758335396550615,8.847547440591343,0.08921204404072983,-3.6605326707284145,9.913631189631372e-06,3.6605425843596042,True,"['mental', 'various', 'other', 'chronic', 'respiratory']","['.', 'p', 'vol', 'ii', 'trans']",none
1,9,94.0,1,illnesses,9,3.67,8.294861388322792,0,alcohol-related,15,4.49,9.218237109069754,16.946931838989258,12.821678161621094,4.125253677368164,8.758335396550615,8.847547440591343,0.08921204404072983,-3.6605326707284145,9.913631189631372e-06,3.6605425843596042,True,"['mental', 'various', 'other', 'chronic', 'respiratory']","['.', 'p', 'vol', 'ii', 'trans']",mask
2,9,94.0,1,illnesses,9,3.67,8.294861388322792,0,alcohol-related,15,4.49,9.218237109069754,16.946931838989258,12.821678161621094,4.125253677368164,8.758335396550615,8.847547440591343,0.08921204404072983,-3.6605326707284145,9.913631189631372e-06,3.6605425843596042,True,"['mental', 'various', 'other', 'chronic', 'respiratory']","['.', 'p', 'vol', 'ii', 'trans']",truncate
