,text_id,sent_id,trigger_idx,trigger,trigger_len,trigger_freq,trigger_surp,target_idx,target,target_len,target_freq,target_surp,ji_surp,j_surp,pmi,e_pmi,e_ppmi,e_npmi,e_pmi_i,e_ppmi_i,e_npmi_i,is_multitok,top_j_preds,top_ji_preds,mask_type
0,4,27.0,1,you,3,6.98,11.062120538687118,0,thank,5,5.48,0.0,17.065387725830078,0.7693283557891846,16.296059370040894,11.575958120082886,11.713644316098332,0.1376861960154468,-3.0473056194613037,0.0008497620412954804,3.0481553815025992,False,"['thank', 'love', 'fuck', 'and', 'damn']","['.', 'p', 'vol', 'ii', 'trans']",all
1,4,27.0,1,you,3,6.98,11.062120538687118,0,thank,5,5.48,0.0,17.065387725830078,0.7693283557891846,16.296059370040894,11.575958120082886,11.713644316098332,0.1376861960154468,-3.0473056194613037,0.0008497620412954804,3.0481553815025992,False,"['thank', 'love', 'fuck', 'and', 'damn']","['.', 'p', 'vol', 'ii', 'trans']",all
2,4,27.0,1,you,3,6.98,11.062120538687118,0,thank,5,5.48,0.0,17.065387725830078,0.7693283557891846,16.296059370040894,11.575958120082886,11.713644316098332,0.1376861960154468,-3.0473056194613037,0.0008497620412954804,3.0481553815025992,False,"['thank', 'love', 'fuck', 'and', 'damn']","['.', 'p', 'vol', 'ii', 'trans']",all
