,text_id,sent_id,trigger_idx,trigger,trigger_len,trigger_freq,trigger_surp,target_idx,target,target_len,target_freq,target_surp,ji_surp,j_surp,pmi,e_pmi,e_ppmi,e_npmi,e_pmi_i,e_ppmi_i,e_npmi_i,is_multitok,top_j_preds,top_ji_preds,mask_type
0,10,3,1,laatste,7,5.73,8.106069998065452,0,De,2,7.73,0.0,12.585037231445312,10.693255424499512,1.8917818069458008,2.611941928107837,2.8613108397211033,0.24936891161326716,-1.1602721809618934,0.5041919480747682,1.6644641290366615,False,"['the', 'at', 'der', '.', 'op']","['.', '。', ',', '।', '，']",mask
1,10,3,2,is’,3,7.2,26.58588807374752,0,De,2,7.73,0.0,10.693255424499512,3.5142459869384766,7.179009437561035,2.660499355540763,2.8931495950726385,0.23265023953187575,-1.781787653529395,0.34671797500565765,2.1285056285350525,False,"['de', '[UNK]', 'De', 'het', 'the']","['the', 'at', 'der', '.', 'op']",mask
2,10,3,2,is’,3,7.2,26.58588807374752,1,laatste,7,5.73,8.106069998065452,19.65225601196289,13.306056022644043,6.346199989318848,4.887659763001438,5.071609982950825,0.18395021994938734,1.0686561362574467,1.9198316474754087,0.8511755112179613,False,"['[UNK]', 'en', 'arm', '.', 'bed']","['G', 'O', '.', 'Sp', 'Mu']",mask
